Record #,Class,STEROID,LIVER_FIRM,Age_Quartile
1,2,2,2,Q2
2,1,1,2,Q3
3,1,1,1,Q4
4,2,2,1,Q4
5,2,2,1,Q3
6,1,1,1,Q3
7,2,2,2,Q2
8,1,1,1,Q2
9,2,2,1,Q1
10,1,2,2,Q3
11,2,2,2,Q4
12,1,1,2,Q2
13,1,1,1,Q4
14,2,2,2,Q3
15,2,1,1,Q3
16,2,2,1,Q1
17,2,2,1,Q1
18,1,1,1,Q2
19,1,2,1,Q3
20,2,1,2,Q1
,,,,
,, ,,
