Class,AGE,SEX,STEROID,ANTIVIRALS,FATIGUE,MALAISE,ANOREXIA,LIVER_BIG,LIVER_FIRM,SPLEEN_PALPABLE,SPIDERS,ASCITES, VARICES,BILIRUBIN,ALK_PHOSPHATE,SGOT,ALBUMIN,HISTOLOGY,Age_Quartile
1,39,1,1,1,1,1,2,2,1,2,2,2,2,2.3,280,98,3.8,1,Q2
1,37,1,2,2,1,2,2,2,2,2,1,2,2,0.6,67,28,4.2,1,Q2
1,58,1,2,2,1,2,2,1,1,1,1,2,2,2,167,242,3.3,1,Q4
1,30,1,2,2,1,1,1,2,1,2,1,1,1,2.5,165,64,2.8,2,Q1
1,38,1,1,2,1,1,1,2,1,2,1,1,1,1.2,118,16,2.8,2,Q2
1,59,1,1,2,1,1,2,2,1,1,1,2,2,1.5,107,157,3.6,2,Q4
1,47,1,2,2,2,2,2,2,2,2,1,2,1,2,84,23,4.2,2,Q3
1,48,1,1,2,1,1,2,2,1,2,1,1,1,4.8,123,157,2.7,2,Q3
1,47,1,2,2,1,1,2,2,1,2,2,1,1,1.7,86,20,2.1,2,Q3
1,33,1,1,2,1,1,2,2,2,2,2,1,2,0.7,63,80,3,2,Q2
1,42,1,1,1,1,1,2,2,2,2,1,2,2,0.5,62,68,3.8,2,Q3
1,56,1,1,2,1,1,1,1,1,2,1,2,2,2.9,90,153,4,2,Q4
1,50,1,2,2,1,2,2,2,1,1,2,1,1,2.8,155,75,2.4,2,Q3
1,57,1,1,2,1,1,2,2,2,2,1,1,2,4.6,82,55,3.3,2,Q4
1,38,1,1,2,2,2,2,2,1,2,2,2,2,0.4,243,49,3.8,2,Q2
1,47,1,2,2,1,1,2,2,1,2,1,1,1,1,166,30,2.6,2,Q3
1,49,1,1,2,1,1,2,2,2,1,1,2,2,1.4,85,70,3.5,2,Q3
1,41,1,2,2,1,2,2,2,1,1,1,2,1,4.2,65,120,3.4,2,Q3
1,43,1,2,2,1,2,2,2,2,1,1,1,2,1.2,100,19,3.1,2,Q3
2,30,2,1,2,2,2,2,1,2,2,2,2,2,1,85,18,4,1,Q1
2,50,1,1,2,1,2,2,1,2,2,2,2,2,0.9,135,42,3.5,1,Q3
2,78,1,2,2,1,2,2,2,2,2,2,2,2,0.7,96,32,4,1,Q4
2,34,1,2,2,2,2,2,2,2,2,2,2,2,0.9,95,28,4,1,Q2
2,39,1,1,1,2,2,2,1,1,2,2,2,2,1.3,78,30,4.4,1,Q2
2,32,1,2,1,1,2,2,2,1,2,1,2,2,1,59,249,3.7,1,Q1
2,41,1,2,1,1,2,2,2,1,2,2,2,2,0.9,81,60,3.9,1,Q3
2,30,1,2,2,1,2,2,2,1,2,2,2,2,2.2,57,144,4.9,1,Q1
2,38,1,1,2,1,1,1,2,2,2,2,1,2,2,72,89,2.9,1,Q2
2,66,1,2,2,1,2,2,2,2,2,2,2,2,1.2,102,53,4.3,1,Q4
2,40,1,1,2,1,2,2,2,1,2,2,2,2,0.6,62,166,4,1,Q3
2,38,1,2,2,2,2,2,2,2,2,2,2,2,0.7,53,42,4.1,2,Q2
2,38,1,1,1,2,2,2,1,1,2,2,2,2,0.7,70,28,4.2,1,Q2
2,22,2,2,1,1,2,2,2,2,2,2,2,2,0.9,48,20,4.2,1,Q1
2,27,1,2,2,1,1,1,1,1,1,1,2,2,1.2,133,98,4.1,1,Q1
2,31,1,2,2,2,2,2,2,2,2,2,2,2,1,85,20,4,1,Q1
2,42,1,2,2,2,2,2,2,2,2,2,2,2,0.9,60,63,4.7,1,Q3
2,25,2,1,1,2,2,2,2,2,2,2,2,2,0.4,45,18,4.3,1,Q1
2,27,1,1,2,1,1,2,2,2,2,2,2,2,0.8,95,46,3.8,1,Q1
2,49,1,1,1,1,1,1,2,1,2,1,2,2,0.6,85,48,3.7,1,Q3
2,58,2,2,2,1,2,2,2,1,2,1,2,2,1.4,175,55,2.7,1,Q4
